{"BW":75.0,"COBW":1.548,"COHRI":150.0,"FQfo":0.0146153846153846,"FQgu":0.18,"FQh":0.215,"FQki":0.19,"FQlu":1.0,"FVar":0.0257,"FVfo":0.00482857142857143,"FVfov":0.001,"FVgu":0.0171,"FVhv":0.001,"FVki":0.0044,"FVli":0.021,"FVlu":0.0076,"FVpo":0.001,"FVve":0.0514,"Fblood":0.02,"HCT":0.51,"HEIGHT":170.0,"HR":70.0,"HRrest":70.0,"IVDOSE_tal":0.0,"Ka_dis_tal":0.681894676931315,"Kp_tal":6.62140199045977,"Mr_tal":363.495,"PODOSE_tal":0.0,"Ri_tal":0.0,"Vduodenum":0.322563025707332,"Vfeces":1.0,"Vfo":1.0,"Vfov":1.0,"Vstomach":1.0,"Vurine":1.0,"conversion_min_per_day":1440.0,"cum_dose_intestine_tal":0.0,"cum_dose_tal":0.0,"f_cirrhosis":0.0,"f_shunting_forearm":0.28,"final_time":24.0,"ftissue_tal":0.641324628334905,"fup_tal":0.4,"ti_tal":10.0}